VisualSpec,comparison,Estimate,lwr,upr,Fstat,df,p_val,p_bonf
Chromatic Contrast,Snake (Hawaii-Kenya),0.004258244,-0.21081822,0.219334708,0.001551616,1,0.97,1
,Birds (Hawaii-Kenya),-1.797958219,-2.323724986,-1.272191452,47.11313382,1,< 0.0001,< 0.0001
Achromatic Contrast,Snake (Hawaii-Kenya),-6.565119112,-8.816431636,-4.313806587,33.64180813,1,< 0.0001,< 0.0001
,Birds (Hawaii-Kenya),-5.804474538,-8.328544406,-3.28040467,21.01966595,1,< 0.0001,< 0.001