JND,Parameter,beta,SE,df,CI_L,CI_U
Luminance Contrast,(Intercept),21.60990569,0.91948685,59.5492324,19.77037174,23.44943963
,Predatorsnake,0.328747611,0.743840538,53.49452624,-1.162885672,1.820380895
,PopulationKenya,-5.804474538,1.266047516,71.58454941,-8.328544406,-3.28040467
,Predatorsnake:PopulationKenya,-0.760644573,1.199978382,39.80023671,-3.186270591,1.664981444
Chromatic Contrast,(Intercept)1,7.769058228,0.146201603,57.47290655,7.476346767,8.061769689
,Predatorsnake1,-5.865606339,0.149969336,55.0104166,-6.166150325,-5.565062353
,PopulationKenya1,-1.797958231,0.26194408,51.43487315,-2.323724982,-1.27219148
,Predatorsnake:PopulationKenya1,1.80221648,0.242267294,45.33711505,1.314365225,2.290067735